C2_F1_UniqueSLD,C2_F3_ChatSessionCount,C2_F6_ProductivityHits,C3_F1_FoodDeliveryHits,C3_F2_LateNightDeliveryRatio,C3_F3_MeanInterOrderDays,C3_F4_DietSiteVisits,C3_F5_TrackerBurstCount,C3_F6_SmartScaleUploads,C3_F7_WeighInTimeVarMin,C5_F1_DhcpPerHour,C5_F2_WifiDwellMin,C5_F3_MedianIKS,C5_F4_IKSStd,C5_F5_Sub30sSessions,C5_F6_SessionFano,C6_F1_LongestMiddayIdleMin,C6_F2_DayActiveSessionCount,C6_F3_DayIdleRatio_09_18,C6_F4_UpstreamBpsPerActiveHour,C6_F5_PostChatCount,C6_F6_MedianInterReqSec,C6_F7_InterReqFano,C6_F8_FirstActivityMin,C6_F9_ActivationDelayVsBase28d,C7_F1_MentalHealthSiteVisitsDay,C7_F2_NegativeSelfSearchRatio,C7_F3_SelfAssessmentDwellSec,C7_F4_HelpTherapyLookupHits,C7_F5_AccountDeleteUnsubCount,C7_F6_SettingsPrivacyDwellSec,C7_F7_SocialOutgoingShareUp,C7_F8_CloudUploadBytesToday,C8_F1_MedianPageDwellSec,C8_F2_DNSBurstRatePerHour,C8_F3_NotificationMicroSessionsCount,C8_F4_RepeatedQueryRatio60m,C8_F5_QueryReformulationMax,C8_F6_BackNavShare,C8_F7_SERPTimeToFirstClickSec,C8_F8_MedianIKSsec,C9_F1_CrisisLineHits,C9_F2_SuicideMethodQueryRatio,C9_F3_TherapyBookingVisits,C9_F4_SelfHarmForumVisits,C9_F5_SelfHarmForumUpBytes,C9_F6_SelfHarmForumMeanSessLenSec,C9_F7_WillInsuranceDownloads,C9_F8_CloudBackupUpBytesToday,C9_F9_AccountDeletionRequestsCount,C9_F10_NightSuicideQueryBursts,C9_F11_NightNegativeSearchRatio,n_total_packets_today,n_night_packets_today,night_pkts_today,day_pkts_today,down_bytes_today,up_bytes_today,LateNightShare,LongestInactivityHours,ActiveNightMinutes,ActiveDayMinutes,ND_Ratio,IS,IV,F1_DistinctSocial,F2_MeanSocialDurSec,Date,Fingerprint,F3_LongStreams,F4_DownUpRatio,F5_RevisitRatio,F6_Fano,F7_HourlyCV,F8_NightDayRatioPkts,C2_F2_MedianReplyLatencySec,C2_F4_MeanUpstreamRateBps,C2_F5_PassiveActiveByteRatio,C2_F7_SocialOutgoingShareUp,C4_F1_OnsetDelayFrom2200Min,C4_F2_WakeAfter0400Min,C4_F3_OnsetVar14dMin,C4_F4_SleepDurationZAbs30d,C4_F5_NocturnalMicroSessionCount0106,C4_F6_MeanInterAwakGapMin0106,C4_F7_DaytimeIdleRatio0818,C4_F8_NightDayTrafficRatioBytes
365.0,25.0,18943.0,0.0,,,0.0,0.0,0.0,,0.7832388102818079,48.794241660784316,0.000418,0.23543517210379744,0.0,,,,,177.58071256038647,40752.0,0.0,58.57161763031266,240.08333333333334,,0.0,0.0,,0.0,,,1.0,0.0,,13.309090909090909,0.0,0.8766683561412401,,,,0.000418,0.0,0.0,,0.0,,,,0.0,,0.0,0.0,306116.0,2856.0,9297.0,296819.0,156411134.0,14703683.0,0.009329796547713938,0.1313888888888889,286.0,780.0,0.36666666666666664,2.7503576976535036,1.548478335093072,66.0,1864.2285396799998,2015-03-06,9bc3cc9e5150e1c695ddfe50f8bccc73,0.0,10.637548021131849,0.9970178520364394,6228.981624148921,1.9511914857088999,0.009622025544186862,,133.51924403526192,0.0,1.0,419.70573433333334,1080.1984596833333,,,0.0,,0.0,0.0027190625999988895
11.0,1.0,4325.0,0.0,,,0.0,0.0,0.0,,0.33357261385293735,136.63502383333332,0.00345,0.2896940717953469,0.0,,,,,63.112743055555555,12833.0,0.0,26.065884282550982,240.13333333333333,,0.0,0.0,,0.0,,,1.0,0.0,,22.89089645587213,0.0,0.996355265681949,,,,0.00345,0.0,0.0,,0.0,,,,0.0,,0.0,0.0,76416.0,19003.0,25461.0,50955.0,6599051.0,5452941.0,0.24867828726968175,0.03138888888888889,360.0,780.0,0.46153846153846156,,,4.0,86041.886406,2015-03-07,dc487fdbee31fb25f80bf74bbf0d72bf,0.0,1.2101819916995251,0.9997331716191631,31.045325586264664,0.03803440371105809,0.37293690511235406,,30.5524682199051,0.0,1.0,419.96864216666665,1080.4966085166666,,,0.0,,0.0,0.38640921659436755
10.0,1.0,3687.0,0.0,,,0.0,0.0,0.0,,0.33357636537867125,113.07953788809526,0.0033115,0.2818903203815011,0.0,,,,,62.85664351851852,12860.0,0.0,25.10151413690788,240.48333333333332,,0.0,0.0,,0.0,,,1.0,0.0,,19.138290479499652,0.0,0.9965602904643608,,,,0.0033115,0.0,0.0,,0.0,,,,0.0,,0.0,0.0,76837.0,19003.0,25505.0,51332.0,6620607.0,5430814.0,0.24731574632013223,0.03138888888888889,360.0,780.0,0.46153846153846156,,,4.0,86230.423813,2015-03-08,35053502d15a0b8202c5213a3806d6f7,0.0,1.2190818908546674,0.9997551240296789,25.400437063379478,0.03673284119814665,0.3701979272188888,,30.63395589622231,0.0,1.0,419.95991208333334,1080.48789775,,,0.0,,0.0,0.36151863815479207
524.0,1.0,39731.0,0.0,,,0.0,0.0,0.0,,2.8341767580285397,16.264880292537313,0.000382,0.2260407506596963,0.0,,,,,488.74861111111113,97008.0,0.0,14.814185397554553,240.11666666666667,,0.0,0.0,,0.0,,,1.0,0.0,,30.396108408617096,0.0,0.9081304168386298,,,,0.000382,0.0,0.0,,25.0,,,,0.0,,0.0,0.0,1192583.0,19235.0,28008.0,1164575.0,926736631.0,42227880.0,0.016128856440180684,0.025277777777777777,360.0,780.0,0.46153846153846156,,,96.0,86186.425149,2015-03-09,75008bfc261de44b596f33bf5b66df56,0.0,21.94608469570341,0.9990527940767092,53801.4504910484,3.0103550138899835,0.016516755039392053,,231.13520447751318,0.0,1.0,419.94934565,1080.0989223000001,,,0.0,,0.0,0.0035104450381963723
240.0,1.0,21331.0,0.0,,,0.0,0.0,0.0,,1.1668157290236365,49.63596907592592,0.000267,0.299578403725173,0.0,,,,,263.43542824074075,110440.0,0.0,9.591252713773759,240.08333333333334,,0.0,0.0,,0.0,,,1.0,1155282.0,,34.10701876302988,0.0,0.9461472967220094,,,,0.000267,0.0,0.0,,0.0,,,,1155282.0,,0.0,0.0,355455.0,26036.0,34223.0,321232.0,171670787.0,22760821.0,0.07324696515733356,0.0075,360.0,780.0,0.46153846153846156,,,94.0,86388.962278,2015-03-10,88e02b0ea632705515269575839bcd51,0.0,7.542381138184778,0.9984288875214391,23540.5940213072,1.8878778053029037,0.08105045574538029,,227.1141414670808,0.0,1.0,419.9349528166667,1080.0731821833333,,,0.0,,0.0,0.030507009296033158
425.0,1.0,21382.0,0.0,,,0.0,0.0,0.0,,0.9167516814428552,63.81682950317462,0.002913,0.4544553780847767,0.0,,,,,226.00276620370371,47262.0,0.0,9.751098042091439,240.06666666666666,,0.0,0.0,,0.0,,,1.0,864006.0,,48.158443363446835,0.0,0.9099765258215963,,,,0.002913,0.0,0.0,,0.0,,,,864006.0,,0.0,0.0,369470.0,24192.0,32795.0,336675.0,163594937.0,19526639.0,0.06547757598722495,0.006944444444444444,360.0,780.0,0.46153846153846156,,,67.0,86391.671843,2015-03-11,6f2f36119f69e89a9805a738fde5bbaa,0.0,8.378038688583324,0.9981146221037268,24244.47614040983,1.6555899574675772,0.07185564713744709,,106.0579313322133,0.0,1.0,419.9252812166667,1080.0230294166665,,,0.0,,0.0,0.021705156458100682
102.0,1.0,23722.0,0.0,,,0.0,0.0,0.0,,1.16678042385522,51.29121825246913,0.044916,0.5603730686450362,0.0,,,,,117.22149305555556,36542.0,0.0,9.311676312523987,240.05,,0.0,0.0,,0.0,,,1.0,859638.0,,31.188325225851283,0.0,0.9526406429391504,,,,0.044916,0.0,0.0,,0.0,,,,859638.0,,0.0,0.0,140014.0,38318.0,49245.0,90769.0,20970698.0,10127937.0,0.2736726327367263,0.0077777777777777776,360.0,780.0,0.46153846153846156,,,14.0,86375.130469,2015-03-12,4574e2fd94560139da6520221f47911e,0.0,2.07057942797235,0.9974400803112059,468.4211473892293,0.2904177832400695,0.4221485308860955,,83.39675970255466,0.0,1.0,419.97134124999997,1080.0553788,,,0.0,,0.0,0.6458190395587533
301.0,1.0,20846.0,0.0,,,0.0,0.0,0.0,,1.3334565072574402,43.22941141505376,0.010802,0.5493279747250777,0.0,,,,,272.5722800925926,43003.0,0.0,9.073766210838475,240.0,,0.0,0.0,,0.0,,,1.0,981216.0,,60.04169562195969,0.0,0.8844569694342077,,,,0.010802,0.0,0.0,,0.0,,,,981216.0,,0.0,0.0,394323.0,30110.0,40048.0,354275.0,211918545.0,23550245.0,0.07635872114992025,0.0077777777777777776,360.0,780.0,0.46153846153846156,,,53.0,86391.597739,2015-03-13,49cca429c32b3590a5e27e57b758ce72,0.0,8.998570715506357,0.9980652294085129,22459.648374540033,2.9575188150463982,0.08499047350222284,,127.18542413343708,0.0,1.0,419.89901145,1080.1417933333332,,0.6058273388981499,0.0,,0.0,0.02157549959398289
24.0,1.0,12809.0,0.0,,,0.0,0.0,0.0,,0.9167596856563398,63.81397330555555,0.201618,0.744902036904499,0.0,,,,,113.48458333333333,21525.0,0.0,8.127932940619791,240.06666666666666,,0.0,0.0,,0.0,,,1.0,854400.0,,60.04169562195969,0.0,0.9871756635848494,,,,0.201618,0.0,0.0,,0.0,,,,854400.0,,0.0,0.0,111699.0,27683.0,36718.0,74981.0,10833540.0,9805068.0,0.24783570130439841,0.008055555555555555,360.0,780.0,0.46153846153846156,,,7.0,86391.233427,2015-03-14,362f421f9b4bf027b5548977146c5eae,0.0,1.1048918783633117,0.9992324912056284,59.37696124181953,0.054046211111336936,0.3692001973833371,,89.6666790449944,0.0,1.0,419.98547303333334,1080.03094935,,0.5512165892948054,0.0,,0.0,0.35207203367720225
99.0,1.0,13139.0,0.0,,,0.0,0.0,0.0,,0.916770346877887,63.81304073492063,0.10716500000000001,0.7171872833001611,0.0,,,,,116.44806712962964,23650.0,0.0,8.076535870289284,240.0,,0.0,0.0,,0.0,,,1.0,860510.0,,60.04169562195969,0.0,0.9621962196219622,,,,0.10716500000000001,0.0,0.0,,0.0,,,,860510.0,,0.0,0.0,117071.0,28268.0,37626.0,79445.0,13516411.0,10061113.0,0.2414603104099222,0.0077777777777777776,360.0,780.0,0.46153846153846156,,,10.0,86390.036408,2015-03-15,225c1c9c536d04831d7bed8c18cb6428,0.0,1.343430990189654,0.99707368981112,149.77048115507304,0.18401722014356478,0.3558184907797848,,91.96324403058469,0.0,1.0,419.98889488333333,1080.0204489333332,,0.5209244076034003,0.0,,0.0,0.2962897009635787
148.0,63.0,9753.0,0.0,,,0.0,0.0,0.0,,2.334846249386569,24.401918167575758,0.001577,0.5099410749341645,0.0,,,,,104.24875,28661.0,0.0,41.05561634157834,240.1,,0.0,0.0,,0.0,,,1.0,597285.0,,32.65505226480836,0.0,0.9173728813559322,,,,0.001577,0.0,0.0,,0.0,,,,597285.0,,0.0,0.0,123230.0,28145.0,30073.0,93157.0,45620376.0,9007092.0,0.22839405988801428,0.03138888888888889,360.0,689.0,0.5224963715529753,0.09527586277021945,2.168548826075294,35.0,822.5268273015873,2015-03-16,288d07220a4f9a8d4e29e3293199487e,0.0,5.064939494345123,0.9969598619612998,2636.8969861009673,1.9961814798780968,0.30212437068604614,,497.3635291086017,0.0,1.0,419.97795555,1080.2887860833334,,0.12699826909162282,0.0,,0.09,0.10632543511771705
499.0,49.0,8930.0,0.0,,,0.0,0.0,0.0,,2.2500949228585974,16.39010873899371,0.002293,0.4504350385179356,0.0,,,,,520.1986805555556,46683.0,0.0,37.56105713429325,241.03333333333333,,0.0,0.0,,0.0,,,1.0,106720.0,,29.228630993745657,0.0,0.875204428229966,,,,0.002293,0.0,0.0,,0.0,,,,106720.0,,0.0,0.0,436733.0,5741.0,9176.0,427557.0,176251061.0,44945166.0,0.013145331358060874,0.03138888888888889,301.0,779.0,0.386392811296534,0.12017117844998265,2.1238035297377045,159.0,1239.055495632653,2015-03-17,e6fc7352c849f5543320917333948aa9,0.0,3.9214686847524383,0.9971272308578009,14071.509197952308,1.9577685346411957,0.013427449439489939,,556.3867287061622,0.0,1.0,419.14469518333334,1080.0312268,,0.12159910681648708,0.0,,0.0016666666666666668,0.0035996245829568235
62.0,3.0,12298.0,0.0,,,0.0,0.0,0.0,,4.501510721221566,11.153869254049845,0.057293,0.5054956247900603,0.0,,,,,80.42087962962962,27305.0,0.0,34.90658053199533,240.06666666666666,,0.0,0.0,,0.0,,,1.0,61272.0,,8.255733148019457,0.0,0.9963537523203394,,,,0.057293,0.0,0.0,,0.0,,,,61272.0,,0.0,0.0,182300.0,10305.0,13129.0,169171.0,15905244.0,6948364.0,0.05652770159078442,0.03138888888888889,360.0,768.0,0.46875,0.19327731092436964,2.018208256200326,34.0,28583.591296333336,2015-03-18,eb66d9d03deb00b20f3ab3c363db7430,0.0,2.2890631521319262,0.9991815073466317,1783.8180493082216,2.7233316552873186,0.06091469578119181,,41.377429059826824,0.0,1.0,419.92093225,1080.15369085,,0.11682721970395232,0.0,,0.02,0.041418952716118035
105.0,3.0,16825.0,0.0,,,0.0,0.0,0.0,,43.92346564651101,1.3392059943811332,0.05919,0.6184147345530674,0.0,,,,,112.65653935185185,29333.0,0.0,27.500464879759438,240.26666666666668,,0.0,0.0,,0.0,,,1.0,536920.0,,37.65114662960389,0.0,0.9112058937572702,,,,0.05919,0.0,0.0,,0.0,,,,536920.0,,0.0,0.0,126993.0,8306.0,18435.0,108558.0,25236031.0,9733525.0,0.06540517981306056,0.03138888888888889,360.0,770.0,0.4675324675324675,0.1306293706293707,2.0153855873105355,33.0,28428.820031666663,2015-03-19,93c06e2650ded1f67c479cde7319a2d2,0.0,2.5926918562391323,0.9976784292915892,597.0263025816383,0.8766139848524653,0.07651209491700289,,57.925562894581105,0.0,1.0,419.63314475,1080.1521725,,0.11257129212041445,0.0,,0.016666666666666666,0.05305421819180191
88.0,1.0,21834.0,0.0,,,0.0,0.0,0.0,,41.841699833524366,1.4263202363742107,0.059036,0.5856304558035434,0.0,,,,,129.3203472222222,35771.0,0.0,7.68485972184525,240.0,,0.0,0.0,,0.0,,,1.0,861052.0,,56.789437109103545,0.0,0.9443459766040411,,,,0.059036,0.0,0.0,,0.0,,,,861052.0,,0.0,0.0,149902.0,30320.0,41342.0,108560.0,20872311.0,11173278.0,0.20226548011367426,0.008055555555555555,360.0,780.0,0.46153846153846156,,,46.0,86382.48555,2015-03-20,7316f15c6d6730be87966495cabc2929,0.0,1.8680561783211695,0.998320033599328,383.825325861044,0.4930769508791193,0.2792925571112749,,103.5460480564975,0.0,1.0,419.99175261666664,1080.00367805,,0.622024112971674,0.0,,0.0,0.24660222302233895
31.0,1.0,18607.0,0.0,,,0.0,0.0,0.0,,21.418265431850344,2.788257612930474,0.141563,0.6893632872119989,0.0,,,,,123.72123842592593,27901.0,0.0,6.869665767886499,240.03333333333333,,0.0,0.0,,0.0,,,1.0,854744.0,,60.04169562195969,0.0,0.9759939984996249,,,,0.141563,0.0,0.0,,0.0,,,,854744.0,,0.0,0.0,132054.0,33322.0,43739.0,88315.0,11757015.0,10689515.0,0.2523361655080497,0.0077777777777777776,360.0,780.0,0.46153846153846156,,,15.0,86388.407882,2015-03-21,1a84d0863012c115a47a9ca01e7cd823,0.0,1.0998642127355638,0.9991439065477341,55.201432557892986,0.043765725181578126,0.3773084979901489,,96.40309625077899,0.0,1.0,419.95306658333334,1080.0083068,,0.6031790065250945,0.0,,0.0,0.3818947620262739
32.0,1.0,18350.0,0.0,,,0.0,0.0,0.0,,21.6678080106793,2.7560522502890175,0.163414,0.7002913695009709,0.0,,,,,123.06523148148148,27443.0,0.0,6.747485063396564,240.08333333333334,,0.0,0.0,,0.0,,,1.0,856736.0,,60.04169562195969,0.0,0.9770817417876242,,,,0.163414,0.0,0.0,,0.0,,,,856736.0,,0.0,0.0,131374.0,31399.0,42377.0,88997.0,11220046.0,10632836.0,0.23900467367972353,0.006666666666666667,360.0,780.0,0.46153846153846156,,,15.0,86393.329443,2015-03-22,16d639e375187589037e208c5ed436dc,0.0,1.0552260939602567,0.9990567150100224,57.85291252877703,0.03790964540427859,0.35280964526894165,,95.32078521679483,0.0,1.0,419.9259174833333,1080.0103799166668,,0.6147551181907627,0.0,,0.0,0.3398877826923539
34.0,1.0,20370.0,0.0,,,0.0,0.0,0.0,,21.50354638876326,2.7774885136893204,0.1604795,0.7112685231133937,0.0,,,,,125.12831018518519,27960.0,0.0,6.736910126922366,240.06666666666666,,0.0,0.0,,0.0,,,1.0,850554.0,,60.04169562195969,0.0,0.9753731343283583,,,,0.1604795,0.0,0.0,,0.0,,,,850554.0,,0.0,0.0,133996.0,33393.0,44039.0,89957.0,11830753.0,10811086.0,0.2492089316098988,0.0077777777777777776,360.0,780.0,0.46153846153846156,,,16.0,86369.851189,2015-03-23,cb2165c4bf64641660147b73c175a7c3,0.0,1.0943167966659408,0.9990740236396318,53.50289552590292,0.05349726581818928,0.3712106895516747,,96.84573823910101,0.0,1.0,419.99966711666667,1080.0255622,,0.5534205119838345,0.0,,0.0,0.37239247249562235
33.0,1.0,16771.0,0.0,,,0.0,0.0,0.0,,21.42021480401649,2.7882962689733595,0.159566,0.7130368437872449,0.0,,,,,121.57311342592592,27358.0,0.0,6.676888826206117,240.0,,0.0,0.0,,0.0,,,1.0,854888.0,,60.04169562195969,0.0,0.9755818389927509,,,,0.159566,0.0,0.0,,0.0,,,,854888.0,,0.0,0.0,132890.0,32217.0,42809.0,90081.0,11481964.0,10503917.0,0.24243359169237716,0.006666666666666667,360.0,780.0,0.46153846153846156,,,16.0,86381.971264,2015-03-24,4c62a71da422e0c7099228def6b2e7f9,0.0,1.0931125979003833,0.9991034070531979,51.942428052441024,0.042844110910739384,0.35764478635894364,,92.98278196792413,0.0,1.0,419.9658416166667,1080.0461651,,0.5719449553309341,0.0,,0.0,0.36030977688588134
37.0,1.0,18629.0,0.0,,,0.0,0.0,0.0,,22.08360527631849,2.704017331915564,0.161599,0.7046289828937273,0.0,,,,,125.04908564814815,27087.0,0.0,6.720833455120879,240.21666666666667,,0.0,0.0,,0.0,,,1.0,863194.0,,60.04169562195969,0.0,0.9736943907156673,,,,0.161599,0.0,0.0,,0.0,,,,863194.0,,0.0,0.0,146452.0,32175.0,42678.0,103774.0,25280859.0,10804241.0,0.21969655586813427,0.006666666666666667,360.0,780.0,0.46153846153846156,,,16.0,86390.238789,2015-03-25,b4e1d50d9480ab78391c18b3ba12ee96,0.0,2.339901433150186,0.9990824550526969,1505.9808728381233,0.4932198702012131,0.31004875980496077,,92.67913959070421,0.0,1.0,419.9934362166667,1080.1270139833334,,0.5525378826650991,0.0,,0.0,0.19553635774549805
108.0,1.0,17701.0,0.0,,,0.0,0.0,0.0,,22.086513160075597,2.703787768178954,0.123561,0.6899973417476809,0.0,,,,,120.75087962962964,27943.0,0.0,7.335484473365285,240.11666666666667,,0.0,0.0,,0.0,,,1.0,890800.0,,60.04169562195969,0.0,0.9445266272189349,,,,0.123561,0.0,0.0,,0.0,,,,890800.0,,0.0,0.0,128336.0,31025.0,41100.0,87236.0,12967769.0,10432876.0,0.24174822341353946,0.0075,360.0,780.0,0.46153846153846156,,,17.0,86387.260353,2015-03-26,74aab4e4a445e504d1b1cf3f3cb52c02,0.0,1.2429716408016351,0.9970122828372248,71.17855074872902,0.09563788878074064,0.355644458709707,,93.170416183021,0.0,1.0,419.99943798333334,1080.0598769333333,,0.5053891248303019,0.0,,0.0,0.32634593816147994
27.0,1.0,17639.0,0.0,,,0.0,0.0,0.0,,21.752025864354977,2.7455043721049264,0.148844,0.7019305798442731,0.0,,,,,119.85827546296296,27614.0,0.0,7.020265144867962,240.0,,0.0,0.0,,0.0,,,1.0,862070.0,,60.04169562195969,0.0,0.9775193798449613,,,,0.148844,0.0,0.0,,0.0,,,,862070.0,,0.0,0.0,125535.0,30641.0,40442.0,85093.0,11319911.0,10355755.0,0.24408332337595093,0.008055555555555555,360.0,780.0,0.46153846153846156,,,15.0,86391.724853,2015-03-27,2f2b3ab0136fd34858fc10d908ff24c1,0.0,1.0931033999935302,0.9992350191245218,45.69586046720038,0.04359896774014129,0.36008837389679527,,93.16627273845315,0.0,1.0,419.8978567166667,1080.0212159166667,,0.4705695817067477,0.0,,0.0,0.35386246115626163
27.0,1.0,17973.0,0.0,,,0.0,0.0,0.0,,21.917791216276278,2.7251816885714284,0.138053,0.6946306766508895,0.0,,,,,120.76898148148148,27638.0,0.0,6.6368762938538675,240.01666666666668,,0.0,0.0,,0.0,,,1.0,860970.0,,60.04169562195969,0.0,0.9775628626692456,,,,0.138053,0.0,0.0,,0.0,,,,860970.0,,0.0,0.0,125436.0,30666.0,40431.0,85005.0,11654050.0,10434440.0,0.2444752702573424,0.006944444444444444,360.0,780.0,0.46153846153846156,,,17.0,86394.796887,2015-03-28,689021b16d3dddee7e8d34d83cf5acda,0.0,1.116883129329413,0.9992450931051837,40.711734270863225,0.04776275950969855,0.36075524969119466,,94.03655419927811,0.0,1.0,419.8754083,1080.0445633000002,,0.4988896799075246,0.0,,0.0,0.3517673975749186
29.0,2.0,17923.0,0.0,,,0.0,0.0,0.0,,20.918118514345586,2.862256803027279,0.1310345,0.689612141284228,0.0,,,,,123.68785024154589,26914.0,0.0,185.76650587308052,240.11666666666667,,0.0,0.0,,0.0,,,1.0,824478.0,,56.997915218902016,0.0,0.9769170579029735,,,,0.1310345,0.0,0.0,,0.0,,,,824478.0,,0.0,0.0,121974.0,25205.0,36160.0,85814.0,10762478.0,10241354.0,0.20664239919982946,1.001111111111111,300.0,780.0,0.38461538461538464,1.0,0.03480678007070127,14.0,41394.2914545,2015-03-29,6d10b88b2d3f22b01ccd346e0e14f91e,0.0,1.0508842873705957,0.9991574421104622,46.26710589961795,0.2120637054407587,0.2937166429720092,,93.94612107249706,0.0,1.0,239.94844238333332,0.0,,36.878796682449554,0.0,60.073164616666666,0.0,0.28316511043552367
27.0,1.0,18934.0,0.0,,,0.0,0.0,0.0,,22.25045065841289,2.6934386385240776,0.15978,0.696624165229219,0.0,,,,,123.79631944444445,28019.0,0.0,6.79780871188021,240.03333333333333,,0.0,0.0,,0.0,,,1.0,852730.0,,60.04169562195969,0.0,0.9784546805349182,,,,0.15978,0.0,0.0,,0.0,,,,852730.0,,0.0,0.0,130544.0,32086.0,42308.0,88236.0,11589883.0,10696002.0,0.245786861134943,0.0077777777777777776,360.0,780.0,0.46153846153846156,,,14.0,86397.905743,2015-03-30,5436695c6c0dbb94c3439b2e67a7f15d,0.0,1.083571506437639,0.9992740959806425,43.12658686385859,0.0557711666931236,0.3636384242259395,,96.07632185774983,0.0,1.0,419.98607441666667,1080.0995231333334,,0.262277542373111,0.0,,0.0,0.3647573455454966
27.0,1.0,18577.0,0.0,,,0.0,0.0,0.0,,22.08443816102979,2.7108887503150596,0.123038,0.6789171515228642,0.0,,,,,122.93553240740741,27900.0,0.0,7.330070185016312,240.06666666666666,,0.0,0.0,,0.0,,,1.0,858996.0,,60.04169562195969,0.0,0.9778879146016012,,,,0.123038,0.0,0.0,,0.0,,,,858996.0,,0.0,0.0,127934.0,30524.0,41568.0,86366.0,11309455.0,10621630.0,0.23859177388340863,0.0075,360.0,780.0,0.46153846153846156,,,14.0,86395.670403,2015-03-31,32037b057b51bfd9a79101d12dd5cb88,0.0,1.0647570099881092,0.999253958166395,42.87386097953285,0.03765471525280267,0.3534261167589098,,95.60014942268681,0.0,1.0,419.99266743333334,1080.0275697,,0.25823622263276996,0.0,,0.0,0.36044640274771167
48.0,1.0,22047.0,0.0,,,0.0,0.0,0.0,,21.500937336847144,2.777529264530745,0.13452799999999998,0.7041276375851585,0.0,,,,,426.3697569444444,29281.0,0.0,8.714606310300185,240.03333333333333,,0.0,0.0,,0.0,,,1.0,877276.0,,60.04169562195969,0.0,0.9785001279754287,,,,0.13452799999999998,0.0,0.0,,0.0,,,,877276.0,,0.0,0.0,908368.0,32359.0,43705.0,864663.0,609173704.0,36838347.0,0.03562322759058003,0.006944444444444444,360.0,780.0,0.46153846153846156,,,15.0,86394.503727,2015-04-01,600135818d7fff47e24ee69b90ec04aa,0.0,16.53640170119468,0.9998808412606994,7743.046552302836,2.997487343988452,0.037423828705518795,,102.91960271103648,0.0,1.0,419.9657278,1080.0146530166667,,0.25594614212790545,0.0,,0.0,0.00957311905917156
34.0,1.0,22237.0,0.0,,,0.0,0.0,0.0,,25.335697579697992,2.35551955675453,0.206959,0.7296380519878249,0.0,,,,,135.7984375,34023.0,0.0,6.9908580781167196,240.03333333333333,,0.0,0.0,,0.0,,,1.0,907426.0,,60.04169562195969,0.0,0.9887327086122267,,,,0.206959,0.0,0.0,,0.0,,,,907426.0,,0.0,0.0,159711.0,34083.0,45020.0,114691.0,12960652.0,11732985.0,0.21340421135676316,0.0077777777777777776,360.0,780.0,0.46153846153846156,,,16.0,86386.580892,2015-04-02,6f26255a492bba201b660ff9320bc8a3,0.0,1.1046338165437013,0.9993999823524221,79.9648705709062,0.47429421980085124,0.2971724023681021,,102.56449449107107,0.0,1.0,419.998897,1080.11047265,,0.2466621024315841,0.0,,0.0,0.41541082269672697
29.0,1.0,19099.0,0.0,,,0.0,0.0,0.0,,22.085478478475856,2.7047122757403907,0.1475075,0.688027214585335,0.0,,,,,129.32055555555556,28923.0,0.0,7.047253492114133,240.06666666666666,,0.0,0.0,,0.0,,,1.0,903288.0,,60.04169562195969,0.0,0.9774074074074074,,,,0.1475075,0.0,0.0,,0.0,,,,903288.0,,0.0,0.0,135388.0,31889.0,42371.0,93017.0,13017249.0,11173296.0,0.23553786155346115,0.0075,360.0,780.0,0.46153846153846156,,,14.0,86383.873195,2015-04-03,17b50e1edc625b02d1e7bbd189514f92,0.0,1.165032144498812,0.9992474178647428,193.2376979906311,0.19309979040853725,0.3428298053044067,,101.39026737350498,0.0,1.0,419.9778149,1080.0365833333333,,0.24359308679938635,0.0,,0.0,0.3250085224380123
29.0,1.0,18263.0,0.0,,,0.0,0.0,0.0,,21.418365015345046,2.7891986965237168,0.1583475,0.6695427870265152,0.0,,,,,126.32787037037038,28433.0,0.0,7.302588291961599,240.01666666666668,,0.0,0.0,,0.0,,,1.0,915594.0,,60.04169562195969,0.0,0.9776202909362178,,,,0.1583475,0.0,0.0,,0.0,,,,915594.0,,0.0,0.0,127323.0,30422.0,40697.0,86626.0,11328108.0,10914728.0,0.2389356204299302,0.0075,360.0,780.0,0.46153846153846156,,,14.0,86382.945949,2015-04-04,8d6db802beda6fa81b7c751a3a3a48ef,0.0,1.0378735961170997,0.9992314216050037,45.416213046739394,0.052165957064717106,0.35118786507515065,,98.98894864095554,0.0,1.0,419.93580096666665,1080.0465631,,0.23925545471826068,0.0,,0.0,0.3383483176708977
108.0,1.0,20749.0,0.0,,,0.0,0.0,0.0,,25.83420263003227,2.311441348734518,0.214322,0.7234436012752377,0.0,,,,,130.17728009259258,33337.0,0.0,7.258162906647474,240.15,,0.0,0.0,,0.0,,,1.0,916096.0,,60.04169562195969,0.0,0.9811745447104563,,,,0.214322,0.0,0.0,,0.0,,,,916096.0,,0.0,0.0,156160.0,29777.0,45678.0,110482.0,10981411.0,11247317.0,0.19068263319672132,0.0077777777777777776,360.0,780.0,0.46153846153846156,,,17.0,86397.092721,2015-04-05,5389d12397921f3ef79a85ecdf7c932d,0.0,0.9763582728218649,0.9978921071121868,78.23266877276866,0.5083205136762149,0.26951901667239914,,97.20805105237797,0.0,1.0,419.96851865,1080.03340345,,0.23360861151453077,0.0,,0.0,0.3115898452233164
28.0,1.0,20715.0,0.0,,,0.0,0.0,0.0,,22.91715862830301,2.6162095524893747,0.172352,0.6923245633397062,0.0,,,,,131.04319444444445,31018.0,0.0,7.082008112777492,240.03333333333333,,0.0,0.0,,0.0,,,1.0,920354.0,,60.04169562195969,0.0,0.9838181467925255,,,,0.172352,0.0,0.0,,0.0,,,,920354.0,,0.0,0.0,139182.0,42436.0,53182.0,86000.0,11549735.0,11322132.0,0.30489574801339253,0.0075,360.0,780.0,0.46153846153846156,,,15.0,86383.849512,2015-04-06,3eba9dd246dc2e0ad640b79924cacbed,0.0,1.0201024859982202,0.9995132381829877,57.99271295857223,0.3793949019705237,0.4934418604651163,,101.14906952353647,0.0,1.0,419.89776336666665,1080.0066887166665,,0.2129959942350296,0.0,,0.0,0.40926304100355104
235.0,1.0,20888.0,0.0,,,0.0,0.0,0.0,,17.6269223846067,3.3775393889415484,0.002557,0.5308943576424178,0.0,,,,,224.8657638888889,64751.0,0.0,7.029088469499715,240.06666666666666,,0.0,0.0,,0.0,,,1.0,873468.0,,60.04169562195969,0.0,0.8995795201582983,,,,0.002557,0.0,0.0,,0.0,,,,873468.0,,0.0,0.0,279794.0,29853.0,52149.0,227645.0,116525678.0,19428402.0,0.10669635517559348,0.006944444444444444,360.0,780.0,0.46153846153846156,,,65.0,86390.573475,2015-04-07,600a83076d711648315c522b02dd87da,0.0,5.9976974946266814,0.9974904155231149,5347.252854590241,1.2439115325132684,0.1311383953084847,,165.75766804168677,0.0,1.0,419.9293244666667,1080.13933215,,0.21152399872815478,0.0,,0.0,0.04448695779404354
200.0,1.0,27080.0,0.0,,,0.0,0.0,0.0,,16.917527263236597,3.539525119012345,0.0437175,0.6350176241387335,0.0,,,,,254.10766203703704,54880.0,0.0,5.0718389798253565,240.0,,0.0,0.0,,0.0,,,1.0,854118.0,,60.04169562195969,0.0,0.938887834503701,,,,0.0437175,0.0,0.0,,0.0,,,,854118.0,,0.0,0.0,232760.0,66210.0,83121.0,149639.0,53184830.0,21954902.0,0.28445609211204675,0.006388888888888889,360.0,780.0,0.46153846153846156,,,62.0,86395.526891,2015-04-08,2f13892e88bf63598ba6e60deaf807e9,0.0,2.4224580915915728,0.9977532381455227,380.23904546409267,0.30137200404667375,0.4424648654428324,,201.6881038526914,0.0,1.0,419.9975187333333,1080.0251780333333,,0.20995130921849242,0.0,,0.0,0.536898377603252
154.0,2.0,45461.0,0.0,,,0.0,0.0,0.0,,16.58375232049212,3.603261241645676,0.079829,0.702845817180175,0.0,,,,,287.79600694444446,49150.0,0.0,57.81070049672346,240.03333333333333,,0.0,0.0,,0.0,,,1.0,841766.0,,58.74913134120917,0.0,0.9427638737758433,,,,0.079829,0.0,0.0,,0.0,,,,841766.0,,0.0,0.0,298898.0,152977.0,167919.0,130979.0,113127409.0,24865575.0,0.511803357667164,0.5261111111111111,329.0,780.0,0.4217948717948718,0.5060326472675658,0.06598139586194891,34.0,42249.716355000004,2015-04-09,6819c1e34c7743aee6023dafe6eeebb0,0.0,4.549559340574268,0.998516649168264,24845.074043086788,1.308892710154847,1.1679505874987592,,197.63783861497166,0.0,1.0,208.5877066,0.0,,2.6649159129429476,0.0,31.572119083333334,0.0,3.52023027741031
32.0,1.0,43662.0,0.0,,,0.0,0.0,0.0,,17.083460423799448,3.4974369685819067,0.102491,0.7169258708407141,0.0,,,,,210.71412037037038,44848.0,0.0,5.0655983800146025,240.0,,0.0,0.0,,0.0,,,1.0,858084.0,,60.04169562195969,0.0,0.9758576874205845,,,,0.102491,0.0,0.0,,0.0,,,,858084.0,,0.0,0.0,173996.0,43597.0,58019.0,115977.0,19318523.0,18205700.0,0.25056323133865144,0.006388888888888889,360.0,780.0,0.46153846153846156,,,15.0,86399.200946,2015-04-10,37964a623abb13c5a6bf35710cef3595,0.0,1.0611249773422609,0.9994524860555042,68.88431145288142,0.08039769475108084,0.37591074092276916,,186.06576014571652,0.0,1.0,419.89178735,1080.0213295,,0.2717281815743726,0.0,,0.0,0.35936215237771935
32.0,1.0,42027.0,0.0,,,0.0,0.0,0.0,,16.750338393476916,3.567225030299252,0.10361,0.694498820724166,0.0,,,,,224.8790162037037,44913.0,0.0,5.0610202676734595,240.03333333333333,,0.0,0.0,,0.0,,,1.0,858414.0,,60.04169562195969,0.0,0.9760222110045431,,,,0.10361,0.0,0.0,,0.0,,,,858414.0,,0.0,0.0,184581.0,42754.0,57445.0,127136.0,18977320.0,19429547.0,0.23162730725264247,0.006388888888888889,360.0,780.0,0.46153846153846156,,,15.0,86397.746053,2015-04-11,98c41afb6ba8f18a9b9e547864706044,0.0,0.9767247790182654,0.9994668621505448,200.50632347722674,0.292804303358376,0.33628555247923486,,185.17972668159047,0.0,1.0,419.9976439833333,1080.0008308666665,,0.271629091057269,0.0,,0.0,0.33963285884176597
31.0,1.0,42380.0,0.0,,,0.0,0.0,0.0,,17.167010146748943,3.480397833738848,0.100461,0.7017694820640091,0.0,,,,,215.62738425925926,45004.0,0.0,4.8578632675948,240.0,,0.0,0.0,,0.0,,,1.0,855428.0,,60.04169562195969,0.0,0.9766066838046272,,,,0.100461,0.0,0.0,,0.0,,,,855428.0,,0.0,0.0,177383.0,47230.0,62157.0,115226.0,18393362.0,18630206.0,0.26626001364279556,0.005555555555555556,360.0,780.0,0.46153846153846156,,,15.0,86388.88049,2015-04-12,08b1581b55f15de13496858296d126ba,0.0,0.9872870970938271,0.9994537637440091,48.90178295536901,0.08841887511145974,0.4098901289639491,,187.29836419020367,0.0,1.0,419.9843275,1080.0530468499999,,0.27552546466345895,0.0,,0.0,0.40483777325862375
67.0,1.0,21409.0,0.0,,,0.0,0.0,0.0,,16.581710939581743,3.5755194371727748,0.08848249999999999,0.7195745543513905,0.0,,,,,217.53851851851852,23206.0,0.0,5.1163114516179995,240.01666666666668,,0.0,0.0,,0.0,,,1.0,415182.0,,59.82708933717579,0.0,0.9279411764705883,,,,0.08848249999999999,0.0,0.0,,0.0,,,,415182.0,,0.0,0.0,88288.0,43914.0,43914.0,44374.0,9884160.0,9397664.0,0.4973948894527003,0.019166666666666665,360.0,215.0,1.6744186046511629,,,31.0,41558.182503,2015-04-13,c17c19eeae68820b7a80983b62190b48,0.0,1.0517677584557183,0.99796216314861,101.11437838493251,0.07094049104424553,0.9896335692071934,,198.30592926928605,0.0,1.0,,,,0.20745155721380634,0.0,,0.0,0.931476418882159
0.0,4.0,0.0,0.0,,,0.0,0.0,0.0,,0.0,,,,1.0,,,,,,,,,842.15,,0.0,,,0.0,,,,0.0,,,,,,,,,0.0,,,0.0,,,,0.0,,,,4789546.0,0.0,0.0,4789546.0,,,0.0,1.103888888888889,0.0,52.0,0.0,0.4288493944319351,0.1714956774876499,0.0,707.847,2023-05-22,a0feace3831caaae768c227854052777,0.0,,,130941.74978495156,0.5505788475710697,0.0,,,,1.0,,,,5.186503442398181,0.0,,0.6770186335403726,0.0
0.0,2.0,0.0,0.0,,,0.0,0.0,0.0,,0.0,,,,0.0,,,,,,,,,352.06666666666666,,0.0,,,0.0,,,,0.0,,,,,,,,,0.0,,,0.0,,,,0.0,,,,4989385.0,1869486.0,1869486.0,3119899.0,,,0.3746926725438105,1.9377777777777778,5.0,7.0,0.7142857142857143,0.2758826175969438,0.2714705742874757,0.0,215.459,2023-05-29,da8ae9382df735b559cb5fae61479d6c,0.0,,,459349.5504464136,0.8526392005490004,0.5992136283898933,,,,1.0,,,,6.656043122231534,1.0,,0.9186046511627907,0.27850352759595587
0.0,2.0,0.0,0.0,,,0.0,0.0,0.0,,0.0,,,,0.0,,,,,,,,,495.93333333333334,,0.0,,,0.0,,,,0.0,,,,,,,,,0.0,,,0.0,,,,0.0,,,,2955420.0,0.0,0.0,2955420.0,,,0.0,0.13055555555555556,0.0,54.0,0.0,7.07751262873691,0.3281305114638449,0.0,1559.1460000000002,2023-06-02,b03aee073022cd646b31232b3ca874bd,0.0,,,92273.34374784154,0.6296336899662315,0.0,,,,1.0,,,,0.07084862328027514,0.0,,0.11475409836065574,0.0
0.0,12.0,0.0,0.0,,,0.0,0.0,0.0,,0.28212708461547686,1.55125,,,0.0,,,,,,,,,240.0,,0.0,,,0.0,,,,0.0,,,,,,,,,0.0,,,0.0,,,,0.0,,,,2376699.0,1287321.0,1287321.0,1089378.0,,,0.541642420853461,3.002222222222222,33.0,54.0,0.6111111111111112,0.2706031040023659,0.578772613141096,0.0,322.3531666666667,2023-06-20,503e06d324a4c4ec7c2cf618cd4a7cb1,0.0,,,85673.81372581182,0.9463881532778176,1.181702769837467,,,,1.0,,,,6.5396841240861185,6.0,16.848591666666668,0.6351351351351351,1.0319208378746234
0.0,6.0,0.0,0.0,,,0.0,0.0,0.0,,0.0,,,,0.0,,,,,,,,,499.65,,0.0,,,0.0,,,,0.0,,,,,,,,,0.0,,,0.0,,,,0.0,,,,383373.0,0.0,0.0,383373.0,,,0.0,0.6613888888888889,0.0,37.0,0.0,0.36011279005708413,0.6110825499412457,0.0,259.13416666666666,2023-06-26,42230f3bcb6307fc49877bb628eed584,0.0,,,46098.30774012728,0.9506181051218581,0.0,,,,1.0,,,,0.5895039348133314,0.0,,0.7131782945736435,0.0
0.0,4.0,0.0,0.0,,,0.0,0.0,0.0,,0.0,,,,0.0,,,,,,,,,293.43333333333334,,0.0,,,0.0,,,,0.0,,,,,,,,,0.0,,,0.0,,,,0.0,,,,719100.0,444362.0,444362.0,274738.0,,,0.6179418717841747,2.899722222222222,16.0,24.0,0.6666666666666666,0.25239488636363633,0.5170961204400695,0.0,382.1705,2023-06-27,0efeeb35e354f0e960ac79bbe595ce84,0.0,,,93416.56695671182,1.6090680105151198,1.6174027619040685,,,,1.0,,,,3.862821475052505,2.0,7.4631583333333325,0.8125,1.7834713471107058
0.0,9.0,0.0,0.0,,,0.0,0.0,0.0,,0.0,,,,0.0,,,,,,,,,486.8666666666667,,0.0,,,0.0,,,,0.0,,,,,,,,,0.0,,,0.0,,,,0.0,,,,1168726.0,113297.0,113297.0,1055429.0,,,0.0969406002775672,4.5905555555555555,8.0,55.0,0.14545454545454545,0.23569478384547063,0.5181372851385805,0.0,271.5187777777778,2023-06-28,0c1bb456e019eb5ea9f6f431ff109d26,0.0,,,73012.99691289302,1.521447726125677,0.10734687032476842,,,,1.0,,,,5.097793666019675,2.0,12.936983333333334,0.6583850931677019,0.11973342394945764
0.0,6.0,0.0,0.0,,,0.0,0.0,0.0,,0.0,,,,0.0,,,,,,,,,240.0,,0.0,,,0.0,,,,0.0,,,,,,,,,0.0,,,0.0,,,,0.0,,,,687027.0,354784.0,354784.0,332243.0,,,0.5164047410072675,3.625277777777778,16.0,32.0,0.5,0.26830588014164536,0.530027826737471,0.0,311.06300000000005,2023-06-29,8c0daeeb7feb8ac4f0341c1d3fb374f7,0.0,,,69419.6233663395,1.327136968845559,1.0678449207357266,,,,1.0,,,,2.7497876895650064,2.0,6.459725,0.5897435897435898,1.2332416993630817
0.0,7.0,0.0,0.0,,,0.0,0.0,0.0,,0.4245840285405384,1.063225,,,0.0,,,,,,,,,240.01666666666668,,0.0,,,0.0,,,,0.0,,,,,,,,,0.0,,,0.0,,,,0.0,,,,1207403.0,294978.0,294978.0,912425.0,,,0.2443078243138372,5.125555555555556,33.0,25.0,1.32,0.25916804073453126,0.5203448896342534,0.0,366.1027142857143,2023-06-30,1955ce61ee2b8c75b73b7349e810fdbc,0.0,,,85648.70596549881,1.9556134016068027,0.32329013343562485,,,,1.0,,,,3.56962771574262,1.0,10.489141666666667,0.8511904761904762,0.23551365218007722
0.0,,0.0,0.0,,,0.0,0.0,0.0,,0.0,,,,0.0,,,,,,,,,470.25,,0.0,,,0.0,,,,0.0,,,,,,,,,0.0,,,0.0,,,,0.0,,,,3036.0,0.0,0.0,3036.0,,,0.0,0.0011111111111111111,0.0,0.0,,,,0.0,,2023-07-07,dd5dec73e3e4bce0c456b1bdf3208ed7,0.0,,,175.84782608695653,0.0,0.0,,,,,,,,0.5537720562859529,0.0,,,0.0
0.0,6.0,0.0,0.0,,,0.0,0.0,0.0,,58.07407356577657,1.0235912192913388,,,0.0,,,,,,,,,528.1833333333333,,0.0,,,0.0,,,,0.0,,,,,,,,,0.0,,,0.0,,,,0.0,,,,2671040.0,0.0,0.0,2671040.0,,,0.0,0.31222222222222223,0.0,89.0,0.0,1.7277063235349748,0.410646299563562,0.0,850.4172421666667,2023-09-05,31d1ed030b8732505869bf6ca410f892,0.0,,,97078.0142629809,0.6388763553793091,0.0,,,,1.0,,,,0.34452101403618973,0.0,,0.3308270676691729,0.0
0.0,6.0,0.0,0.0,,,0.0,0.0,0.0,,14.65255371688606,4.09948891381579,,,0.0,,,,,,,,,243.98333333333332,,0.0,,,0.0,,,,0.0,,,,,,,,,0.0,,,0.0,,,,0.0,,,,5026943.0,1151267.0,1151267.0,3875676.0,,,0.22901930656464575,2.0425,54.0,52.0,1.0384615384615385,0.5688131044048687,0.2657556113629968,0.0,1260.4945806666667,2023-09-06,75f3737c24a76bb494911ef94900e1a5,0.0,,,208927.63745186036,0.7208642846442358,0.29704934055375115,,,,1.0,,,,0.8140968372374446,0.0,21.382468541666665,0.35,0.2489928367388622
